<?xml version="1.0" encoding="UTF-8" standalone="yes"?>
<addon id="repository.projectadrian" name="Project Adrian Repository" version="10.0.3" provider-name="Project Adrian">
<extension point="xbmc.addon.repository" name="Project Adrian Repository">
<info compressed="false">https://raw.githubusercontent.com/ProjectAdrian/AdrianList/master/Icons/repo/addons.xml</info>
<checksum>https://raw.githubusercontent.com/ProjectAdrian/AdrianList/master/Icons/repo/addons.xml.md5</checksum>
<datadir zip="true">https://raw.githubusercontent.com/ProjectAdrian/AdrianList/master/Icons/repo/</datadir>
</extension>
<extension point="xbmc.addon.metadata">
<summary lang="en">Install Addons From Project Adrian</summary>
<description lang="en">Project Adrian Repository.</description>
<disclaimer lang="en">Repository has non-comercial nature.</disclaimer>
<platform>all</platform>
</extension>
</addon>